# {"t_start": 1557699927.251376, "env_id": "Pendulum-v0"} 
r,l,t
-1181.197416,200,4.781888
-1589.018473,200,5.128548
-1393.997563,200,5.47697
-1494.176212,200,5.81398
-1187.256104,200,6.148633
-1179.46636,200,6.480577
-890.862263,200,6.822412
-1310.230969,200,7.164377
-1526.547191,200,7.515494
-1030.62528,200,7.855943
-1072.545506,200,8.42729
-1651.236736,200,8.770517
-1671.098539,200,9.10835
-983.382142,200,9.41837
